"Timestamp";"TI";"RHI";"DEWI";"T1";"RH1";"DEW1";"T2";"RH2";"DEW2";"T3";"RH3";"DEW3";"T4";"RH4";"DEW4";"T5";"RH5";"DEW5";"T6";"RH6";"DEW6";"T7";"RH7";"DEW7";"T8";"RH8";"DEW8"
2017-01-01 00:01:00;"23,0";"51";"12,3";"---";"---";"---";"---";"---";"---";"---";"---";"---";"21,5";"56";"12,4";"22,9";"51";"12,3";"21,6";"55";"12,2";"21,7";"59";"13,4";"21,5";"59";"13,2";
2021-11-26 10:15:00;"22,9";"51";"12,3";"---";"---";"---";"---";"---";"---";"---";"---";"---";"22,6";"50";"11,7";"21,6";"56";"12,5";"---";"---";"---";"21,4";"58";"12,8";"21,7";"59";"13,4";
2026-02-25 12:00:00;"17,2";"62";"9,9";"---";"---";"---";"---";"---";"---";"---";"---";"---";"---";"---";"---";"---";"---";"---";"---";"---";"---";"---";"---";"---";"---";"---";"---";
2026-02-25 12:15:00;"19,6";"56";"10,6";"---";"---";"---";"---";"---";"---";"---";"---";"---";"---";"---";"---";"---";"---";"---";"---";"---";"---";"---";"---";"---";"---";"---";"---";
2026-02-25 12:30:00;"20,6";"59";"12,3";"---";"---";"---";"---";"---";"---";"---";"---";"---";"---";"---";"---";"---";"---";"---";"---";"---";"---";"---";"---";"---";"---";"---";"---";
2026-02-25 12:45:00;"21,0";"59";"12,7";"---";"---";"---";"---";"---";"---";"---";"---";"---";"---";"---";"---";"---";"---";"---";"---";"---";"---";"---";"---";"---";"---";"---";"---";
2026-02-25 13:00:00;"20,7";"52";"10,5";"---";"---";"---";"---";"---";"---";"---";"---";"---";"---";"---";"---";"---";"---";"---";"---";"---";"---";"---";"---";"---";"---";"---";"---";
2026-02-25 13:15:00;"20,6";"52";"10,4";"---";"---";"---";"---";"---";"---";"---";"---";"---";"---";"---";"---";"---";"---";"---";"---";"---";"---";"---";"---";"---";"---";"---";"---";
2026-02-25 13:30:00;"20,5";"51";"10,0";"---";"---";"---";"---";"---";"---";"---";"---";"---";"---";"---";"---";"---";"---";"---";"---";"---";"---";"---";"---";"---";"---";"---";"---";
2026-02-25 13:45:00;"20,4";"53";"10,5";"---";"---";"---";"---";"---";"---";"---";"---";"---";"---";"---";"---";"---";"---";"---";"---";"---";"---";"---";"---";"---";"---";"---";"---";
2026-02-25 14:00:00;"20,7";"54";"11,1";"---";"---";"---";"---";"---";"---";"---";"---";"---";"---";"---";"---";"---";"---";"---";"---";"---";"---";"---";"---";"---";"---";"---";"---";
2026-02-25 14:15:00;"21,1";"55";"11,7";"---";"---";"---";"---";"---";"---";"---";"---";"---";"---";"---";"---";"---";"---";"---";"---";"---";"---";"---";"---";"---";"---";"---";"---";
2026-02-25 14:30:00;"21,4";"57";"12,6";"---";"---";"---";"---";"---";"---";"---";"---";"---";"---";"---";"---";"---";"---";"---";"---";"---";"---";"---";"---";"---";"---";"---";"---";
2026-02-25 14:45:00;"22,6";"60";"14,5";"---";"---";"---";"---";"---";"---";"---";"---";"---";"---";"---";"---";"---";"---";"---";"---";"---";"---";"---";"---";"---";"---";"---";"---";
2026-02-25 14:50:00;"23,0";"54";"13,2";"23,4";"53";"13,3";"23,5";"52";"13,1";"23,1";"55";"13,6";"18,8";"60";"10,9";"---";"---";"---";"---";"---";"---";"---";"---";"---";"---";"---";"---";
2026-02-25 15:00:00;"22,7";"53";"12,7";"22,7";"54";"12,9";"23,4";"53";"13,3";"22,7";"54";"12,9";"18,8";"59";"10,6";"---";"---";"---";"---";"---";"---";"---";"---";"---";"---";"---";"---";
2026-02-25 15:10:00;"22,4";"54";"12,7";"22,3";"55";"12,9";"23,7";"54";"13,9";"22,3";"55";"12,9";"18,9";"59";"10,7";"---";"---";"---";"---";"---";"---";"---";"---";"---";"---";"---";"---";
2026-02-25 15:20:00;"22,2";"54";"12,5";"22,0";"55";"12,6";"24,0";"53";"13,9";"22,0";"56";"12,8";"18,9";"59";"10,7";"---";"---";"---";"---";"---";"---";"---";"---";"---";"---";"---";"---";
2026-02-25 15:30:00;"22,1";"53";"12,1";"21,9";"55";"12,5";"23,9";"53";"13,8";"21,8";"55";"12,4";"18,9";"55";"9,7";"---";"---";"---";"---";"---";"---";"---";"---";"---";"---";"---";"---";
2026-02-25 15:40:00;"21,9";"51";"11,3";"21,8";"53";"11,8";"23,8";"51";"13,1";"21,8";"53";"11,8";"18,3";"55";"9,1";"---";"---";"---";"---";"---";"---";"---";"---";"---";"---";"---";"---";
2026-02-25 15:50:00;"21,8";"52";"11,5";"21,7";"53";"11,7";"22,9";"51";"12,3";"21,6";"54";"11,9";"18,0";"56";"9,1";"---";"---";"---";"---";"---";"---";"---";"---";"---";"---";"---";"---";
2026-02-25 16:00:00;"21,8";"52";"11,5";"21,6";"54";"11,9";"22,2";"52";"11,9";"21,6";"54";"11,9";"17,8";"56";"8,9";"---";"---";"---";"---";"---";"---";"---";"---";"---";"---";"---";"---";
2026-02-25 16:10:00;"21,7";"52";"11,4";"21,5";"54";"11,8";"21,9";"53";"11,9";"21,6";"54";"11,9";"17,6";"56";"8,7";"---";"---";"---";"---";"---";"---";"---";"---";"---";"---";"---";"---";
2026-02-25 16:20:00;"21,8";"52";"11,5";"21,5";"54";"11,8";"21,8";"53";"11,8";"21,6";"54";"11,9";"17,4";"57";"8,8";"---";"---";"---";"---";"---";"---";"---";"---";"---";"---";"---";"---";
2026-02-25 16:30:00;"21,7";"53";"11,7";"21,6";"54";"11,9";"21,8";"53";"11,8";"21,6";"55";"12,2";"17,3";"57";"8,7";"---";"---";"---";"---";"---";"---";"---";"---";"---";"---";"---";"---";
2026-02-25 16:40:00;"21,8";"53";"11,8";"21,7";"55";"12,3";"21,9";"54";"12,2";"21,7";"55";"12,3";"17,1";"57";"8,5";"---";"---";"---";"---";"---";"---";"---";"---";"---";"---";"---";"---";
2026-02-25 16:50:00;"21,8";"54";"12,1";"21,7";"55";"12,3";"21,9";"54";"12,2";"21,7";"56";"12,6";"16,8";"57";"8,3";"---";"---";"---";"---";"---";"---";"---";"---";"---";"---";"---";"---";
2026-02-25 17:00:00;"21,8";"54";"12,1";"21,7";"56";"12,6";"21,8";"55";"12,4";"21,7";"56";"12,6";"16,6";"57";"8,1";"---";"---";"---";"---";"---";"---";"---";"---";"---";"---";"---";"---";
2026-02-25 17:10:00;"21,7";"55";"12,3";"21,7";"56";"12,6";"21,8";"55";"12,4";"21,7";"57";"12,8";"16,4";"57";"7,9";"---";"---";"---";"---";"---";"---";"---";"---";"---";"---";"---";"---";
2026-02-25 17:20:00;"21,7";"55";"12,3";"21,7";"56";"12,6";"21,8";"56";"12,7";"21,6";"57";"12,7";"16,1";"58";"7,9";"---";"---";"---";"---";"---";"---";"---";"---";"---";"---";"---";"---";
2026-02-25 17:30:00;"21,7";"55";"12,3";"21,6";"57";"12,7";"21,7";"56";"12,6";"21,6";"57";"12,7";"15,8";"59";"7,8";"---";"---";"---";"---";"---";"---";"---";"---";"---";"---";"---";"---";
2026-02-25 17:40:00;"21,8";"55";"12,4";"21,7";"57";"12,8";"21,7";"56";"12,6";"21,7";"57";"12,8";"15,1";"63";"8,1";"---";"---";"---";"---";"---";"---";"---";"---";"---";"---";"---";"---";
2026-02-25 17:50:00;"21,9";"56";"12,8";"21,9";"57";"13,0";"23,1";"59";"14,7";"21,8";"58";"13,2";"14,7";"64";"8,0";"---";"---";"---";"---";"---";"---";"---";"---";"---";"---";"---";"---";
2026-02-25 18:00:00;"22,0";"56";"12,8";"22,0";"57";"13,1";"23,7";"57";"14,7";"21,9";"58";"13,3";"14,4";"65";"7,9";"---";"---";"---";"---";"---";"---";"---";"---";"---";"---";"---";"---";
2026-02-25 18:10:00;"22,0";"56";"12,8";"22,0";"57";"13,1";"23,9";"57";"14,9";"22,0";"58";"13,4";"14,0";"67";"8,0";"---";"---";"---";"---";"---";"---";"---";"---";"---";"---";"---";"---";
2026-02-25 18:20:00;"22,0";"56";"12,8";"22,1";"58";"13,5";"23,9";"57";"14,9";"22,0";"58";"13,4";"13,9";"68";"8,1";"---";"---";"---";"---";"---";"---";"---";"---";"---";"---";"---";"---";
2026-02-25 18:30:00;"22,1";"56";"12,9";"22,1";"58";"13,5";"23,5";"55";"14,0";"22,1";"58";"13,5";"13,5";"68";"7,7";"---";"---";"---";"---";"---";"---";"---";"---";"---";"---";"---";"---";
2026-02-25 18:40:00;"22,1";"56";"12,9";"22,1";"58";"13,5";"22,5";"57";"13,6";"22,0";"58";"13,4";"13,1";"69";"7,6";"---";"---";"---";"---";"---";"---";"---";"---";"---";"---";"---";"---";
2026-02-25 18:50:00;"22,1";"56";"12,9";"22,1";"58";"13,5";"22,4";"57";"13,5";"22,0";"59";"13,6";"13,1";"70";"7,8";"---";"---";"---";"---";"---";"---";"---";"---";"---";"---";"---";"---";
2026-02-25 19:00:00;"22,0";"56";"12,8";"21,9";"59";"13,6";"22,2";"58";"13,6";"21,9";"59";"13,6";"12,9";"71";"7,8";"---";"---";"---";"---";"---";"---";"---";"---";"---";"---";"---";"---";
2026-02-25 19:10:00;"22,0";"57";"13,1";"21,9";"59";"13,6";"22,1";"58";"13,5";"21,9";"59";"13,6";"12,6";"71";"7,5";"---";"---";"---";"---";"---";"---";"---";"---";"---";"---";"---";"---";
